id_apparato,modello,sede,eta_mesi,ore_funzionamento,riavvii_30gg,errori_io_7gg,temperatura_media,vibrazione_rms,guasto_7gg,ctrl_vibrazione_reale,ctrl_tipo_missing
ATM-0001,Diebold-DN200,Padova,7,4394,0,1,32.2,1.79,no,1.79,nessuno
ATM-0002,Wincor-280,Padova,116,74762,3,5,34.8,2.73,no,2.73,nessuno
ATM-0003,NCR-6634,Padova,64,44283,2,6,35.4,1.61,no,1.61,nessuno
ATM-0004,Diebold-DN200,Bologna,80,53824,4,9,35.5,,si,4.39,MNAR_vibrazione
ATM-0005,Diebold-DN200,Milano,76,48963,3,4,35.0,3.36,no,3.36,nessuno
ATM-0006,Diebold-DN200,Milano,63,44026,7,4,35.1,2.5,si,2.5,nessuno
ATM-0007,SrvFiliale-X3,Roma,7,4372,1,4,,1.6,no,1.6,MCAR_temperatura
ATM-0008,Diebold-DN200,Milano,26,17510,0,5,33.6,1.68,no,1.68,nessuno
ATM-0009,Wincor-280,Roma,101,66780,6,7,38.2,,no,3.28,MNAR_vibrazione
ATM-0010,SrvFiliale-X3,Torino,7,4513,2,1,33.2,1.55,no,1.55,nessuno
ATM-0011,NCR-6634,Milano,97,61723,3,15,39.8,,no,3.76,MNAR_vibrazione
ATM-0012,Wincor-280,Napoli,106,73051,0,15,35.9,2.87,no,2.87,nessuno
ATM-0013,Diebold-DN200,Roma,13,9380,1,0,34.1,1.81,no,1.81,nessuno
ATM-0014,NCR-6634,Bologna,64,45619,3,3,34.6,2.04,no,2.04,nessuno
ATM-0015,Diebold-DN200,Padova,39,25282,3,3,33.5,2.24,no,2.24,nessuno
ATM-0016,Diebold-DN200,Torino,74,50234,2,4,34.4,2.22,no,2.22,nessuno
ATM-0017,Diebold-DN200,Padova,113,72227,2,7,37.1,2.73,no,2.73,nessuno
ATM-0018,NCR-6634,Napoli,18,12090,4,11,39.9,,si,3.15,MNAR_vibrazione
ATM-0019,NCR-6634,Napoli,75,51772,3,4,30.2,2.37,no,2.37,nessuno
ATM-0020,NCR-6634,Roma,93,61531,2,6,36.7,,no,3.56,MNAR_vibrazione
ATM-0021,SrvFiliale-X3,Bologna,44,31704,1,1,34.0,2.28,no,2.28,nessuno
ATM-0022,SrvFiliale-X3,Milano,45,30228,2,3,31.3,1.92,no,1.92,nessuno
ATM-0023,NCR-6634,Milano,101,70908,8,8,39.3,,si,3.99,MNAR_vibrazione
ATM-0024,Wincor-280,Roma,115,80292,0,10,38.5,2.42,no,2.42,nessuno
ATM-0025,Wincor-280,Padova,11,6981,2,5,33.8,1.7,no,1.7,nessuno
ATM-0026,SrvFiliale-X3,Milano,23,15832,4,9,34.5,1.69,no,1.69,nessuno
ATM-0027,SrvFiliale-X3,Roma,36,24507,0,2,,1.35,no,1.35,MCAR_temperatura
ATM-0028,NCR-6634,Padova,73,50755,1,4,33.4,1.76,no,1.76,nessuno
ATM-0029,NCR-6634,Napoli,59,40669,5,13,38.0,,si,3.68,MNAR_vibrazione
ATM-0030,Diebold-DN200,Bologna,100,65306,5,3,41.7,2.93,no,2.93,nessuno
ATM-0031,Wincor-280,Bologna,67,47554,3,3,32.8,2.8,no,2.8,nessuno
ATM-0032,NCR-6634,Padova,32,22471,4,3,31.9,1.92,no,1.92,nessuno
ATM-0033,NCR-6634,Torino,82,55217,2,2,35.4,1.87,no,1.87,nessuno
ATM-0034,Wincor-280,Roma,54,38059,1,5,37.0,2.26,si,2.26,nessuno
ATM-0035,SrvFiliale-X3,Roma,52,37242,2,2,38.0,1.99,no,1.99,nessuno
ATM-0036,Wincor-280,Milano,25,16350,4,1,32.3,2.13,no,2.13,nessuno
ATM-0037,Wincor-280,Milano,105,71189,3,7,39.2,,si,3.72,MNAR_vibrazione
ATM-0038,SrvFiliale-X3,Torino,42,30019,1,7,33.5,2.79,no,2.79,nessuno
ATM-0039,Diebold-DN200,Roma,88,57226,3,8,,,no,3.69,MNAR_vibrazione+MCAR_temperatura
ATM-0040,NCR-6634,Roma,35,24249,1,1,30.1,1.27,no,1.27,nessuno
ATM-0041,NCR-6634,Roma,30,18907,1,2,33.4,1.43,no,1.43,nessuno
ATM-0042,NCR-6634,Bologna,46,29493,2,3,37.0,1.67,no,1.67,nessuno
ATM-0043,Diebold-DN200,Milano,25,16187,1,3,35.0,1.65,no,1.65,nessuno
ATM-0044,SrvFiliale-X3,Roma,75,53155,1,3,36.5,1.87,si,1.87,nessuno
ATM-0045,Wincor-280,Napoli,9,5506,1,3,31.6,1.61,no,1.61,nessuno
ATM-0046,NCR-6634,Roma,17,11591,2,3,39.3,1.78,no,1.78,nessuno
ATM-0047,NCR-6634,Milano,33,21175,2,1,31.2,1.91,no,1.91,nessuno
ATM-0048,Diebold-DN200,Torino,12,9194,4,7,36.1,2.65,no,2.65,nessuno
ATM-0049,SrvFiliale-X3,Torino,38,25222,2,2,40.1,1.69,no,1.69,nessuno
ATM-0050,SrvFiliale-X3,Napoli,89,60448,1,8,37.2,2.86,no,2.86,nessuno
ATM-0051,SrvFiliale-X3,Bologna,15,10373,1,2,33.0,1.79,no,1.79,nessuno
ATM-0052,Diebold-DN200,Roma,9,5584,1,2,35.1,1.99,no,1.99,nessuno
ATM-0053,Diebold-DN200,Bologna,95,64913,2,5,36.0,,no,3.24,MNAR_vibrazione
ATM-0054,NCR-6634,Torino,28,18304,0,2,30.2,1.29,no,1.29,nessuno
ATM-0055,NCR-6634,Milano,95,61527,2,8,40.6,,si,4.43,MNAR_vibrazione
ATM-0056,Wincor-280,Padova,112,74731,3,5,40.4,2.54,no,2.54,nessuno
ATM-0057,NCR-6634,Napoli,93,63850,2,7,41.6,,si,3.14,MNAR_vibrazione
ATM-0058,NCR-6634,Bologna,18,12900,1,1,32.7,2.44,no,2.44,nessuno
ATM-0059,NCR-6634,Milano,58,39230,7,9,39.4,,no,3.45,MNAR_vibrazione
ATM-0060,Diebold-DN200,Roma,117,73574,1,6,32.5,2.52,no,2.52,nessuno
ATM-0061,Wincor-280,Padova,28,19689,1,2,32.4,2.06,no,2.06,nessuno
ATM-0062,SrvFiliale-X3,Napoli,63,42290,3,5,39.0,2.22,no,2.22,nessuno
ATM-0063,Diebold-DN200,Roma,85,60411,4,8,41.8,2.95,si,2.95,nessuno
ATM-0064,Diebold-DN200,Napoli,57,39060,1,5,35.5,1.08,no,1.08,nessuno
ATM-0065,Diebold-DN200,Milano,15,10013,2,5,37.8,,no,3.4,MNAR_vibrazione
ATM-0066,Diebold-DN200,Roma,39,27480,2,9,34.1,1.57,no,1.57,nessuno
ATM-0067,Diebold-DN200,Roma,18,12077,2,1,35.8,2.18,no,2.18,nessuno
ATM-0068,Wincor-280,Roma,119,75964,3,8,39.5,3.15,no,3.15,nessuno
ATM-0069,Diebold-DN200,Padova,56,35724,1,8,36.7,2.36,no,2.36,nessuno
ATM-0070,NCR-6634,Bologna,85,61448,3,4,35.4,1.8,no,1.8,nessuno
ATM-0071,SrvFiliale-X3,Napoli,62,41759,2,5,35.8,2.79,no,2.79,nessuno
ATM-0072,Diebold-DN200,Bologna,23,14936,0,0,36.9,1.66,no,1.66,nessuno
ATM-0073,Wincor-280,Roma,94,64863,3,6,34.8,2.89,no,2.89,nessuno
ATM-0074,NCR-6634,Milano,25,17307,3,9,36.6,2.38,no,2.38,nessuno
ATM-0075,Diebold-DN200,Milano,17,12248,1,1,35.0,1.95,no,1.95,nessuno
ATM-0076,Wincor-280,Torino,17,11413,2,5,36.0,1.96,no,1.96,nessuno
ATM-0077,Wincor-280,Napoli,115,75325,3,7,,,no,3.5,MNAR_vibrazione+MCAR_temperatura
ATM-0078,Wincor-280,Roma,74,52317,3,4,,2.53,no,2.53,MCAR_temperatura
ATM-0079,NCR-6634,Roma,58,37662,4,3,37.6,1.75,si,1.75,nessuno
ATM-0080,Diebold-DN200,Torino,59,40178,2,1,35.3,2.46,no,2.46,nessuno
ATM-0081,NCR-6634,Bologna,115,82895,2,3,35.1,2.63,no,2.63,nessuno
ATM-0082,SrvFiliale-X3,Bologna,55,35853,2,8,31.4,1.35,no,1.35,nessuno
ATM-0083,NCR-6634,Roma,87,59520,3,7,35.5,,si,3.39,MNAR_vibrazione
ATM-0084,SrvFiliale-X3,Padova,118,84415,4,5,,2.58,no,2.58,MCAR_temperatura
ATM-0085,Wincor-280,Bologna,65,46208,5,8,35.8,3.36,no,3.36,nessuno
ATM-0086,Wincor-280,Torino,65,46802,1,1,35.6,1.77,no,1.77,nessuno
ATM-0087,SrvFiliale-X3,Bologna,109,70950,3,9,36.8,,no,3.25,MNAR_vibrazione
ATM-0088,Diebold-DN200,Roma,41,29955,2,6,31.8,1.07,no,1.07,nessuno
ATM-0089,Diebold-DN200,Padova,11,6755,2,7,32.3,2.14,no,2.14,nessuno
ATM-0090,Wincor-280,Torino,115,77890,3,14,37.7,4.86,si,4.86,nessuno
ATM-0091,SrvFiliale-X3,Roma,13,9109,1,1,32.1,1.51,no,1.51,nessuno
ATM-0092,Diebold-DN200,Padova,118,81249,4,8,35.4,,no,3.21,MNAR_vibrazione
ATM-0093,Diebold-DN200,Milano,59,37103,1,7,32.4,2.49,no,2.49,nessuno
ATM-0094,Diebold-DN200,Roma,26,17875,1,5,32.2,0.94,no,0.94,nessuno
ATM-0095,Wincor-280,Torino,64,42382,5,5,,1.86,no,1.86,MCAR_temperatura
ATM-0096,NCR-6634,Milano,90,57562,1,3,36.7,1.85,no,1.85,nessuno
ATM-0097,Diebold-DN200,Milano,46,33168,1,1,30.9,2.22,no,2.22,nessuno
ATM-0098,Wincor-280,Milano,94,59552,1,6,40.8,3.0,si,3.0,nessuno
ATM-0099,NCR-6634,Napoli,80,55159,1,5,38.2,2.56,no,2.56,nessuno
ATM-0100,SrvFiliale-X3,Roma,62,39428,2,4,31.8,1.86,no,1.86,nessuno
ATM-0101,SrvFiliale-X3,Milano,12,8086,0,4,38.0,1.62,no,1.62,nessuno
ATM-0102,SrvFiliale-X3,Bologna,91,58255,3,4,38.1,2.91,si,2.91,nessuno
ATM-0103,NCR-6634,Milano,10,6795,1,0,31.0,1.53,no,1.53,nessuno
ATM-0104,Diebold-DN200,Roma,38,26742,2,3,31.1,1.56,si,1.56,nessuno
ATM-0105,Diebold-DN200,Roma,75,52103,1,9,37.8,,no,3.59,MNAR_vibrazione
ATM-0106,SrvFiliale-X3,Roma,39,25590,4,3,32.6,2.28,no,2.28,nessuno
ATM-0107,Diebold-DN200,Padova,78,50379,3,6,38.6,1.89,si,1.89,nessuno
ATM-0108,Diebold-DN200,Padova,11,6721,0,2,31.6,1.66,no,1.66,nessuno
ATM-0109,Diebold-DN200,Milano,24,15472,2,2,33.4,1.72,no,1.72,nessuno
ATM-0110,NCR-6634,Milano,42,27531,2,6,40.3,2.69,no,2.69,nessuno
ATM-0111,Wincor-280,Roma,68,47175,3,7,35.7,2.53,no,2.53,nessuno
ATM-0112,SrvFiliale-X3,Torino,120,77781,3,6,34.6,2.58,si,2.58,nessuno
ATM-0113,SrvFiliale-X3,Torino,68,49524,1,4,38.4,2.01,no,2.01,nessuno
ATM-0114,NCR-6634,Milano,35,25072,1,8,32.8,1.1,no,1.1,nessuno
ATM-0115,NCR-6634,Bologna,104,69963,1,4,,2.0,no,2.0,MCAR_temperatura
ATM-0116,Wincor-280,Napoli,34,23554,2,3,34.4,2.99,no,2.99,nessuno
ATM-0117,Wincor-280,Padova,64,40472,0,3,38.7,,no,3.33,MNAR_vibrazione
ATM-0118,NCR-6634,Milano,96,61384,3,5,34.6,2.94,no,2.94,nessuno
ATM-0119,NCR-6634,Milano,7,4305,1,5,35.5,2.1,no,2.1,nessuno
ATM-0120,Wincor-280,Bologna,77,54329,5,2,,2.08,no,2.08,MCAR_temperatura
ATM-0121,Wincor-280,Bologna,28,19453,5,3,33.9,2.08,si,2.08,nessuno
ATM-0122,SrvFiliale-X3,Padova,26,17957,1,8,36.0,2.24,si,2.24,nessuno
ATM-0123,Diebold-DN200,Milano,83,57454,4,8,38.4,2.32,no,2.32,nessuno
ATM-0124,Diebold-DN200,Milano,94,60543,5,6,36.3,2.35,no,2.35,nessuno
ATM-0125,SrvFiliale-X3,Roma,6,4098,2,8,37.6,2.85,no,2.85,nessuno
ATM-0126,SrvFiliale-X3,Napoli,103,73590,3,9,31.1,2.52,si,2.52,nessuno
ATM-0127,NCR-6634,Torino,93,67333,2,10,38.3,,no,3.67,MNAR_vibrazione
ATM-0128,NCR-6634,Napoli,99,63355,5,5,37.2,1.92,no,1.92,nessuno
ATM-0129,NCR-6634,Roma,28,20329,2,4,35.5,1.56,si,1.56,nessuno
ATM-0130,SrvFiliale-X3,Milano,24,16995,1,2,35.8,1.81,no,1.81,nessuno
ATM-0131,SrvFiliale-X3,Torino,109,74053,4,7,34.1,2.38,si,2.38,nessuno
ATM-0132,SrvFiliale-X3,Milano,82,57374,1,13,37.2,2.42,no,2.42,nessuno
ATM-0133,Wincor-280,Roma,72,48497,1,3,35.1,1.71,no,1.71,nessuno
ATM-0134,Wincor-280,Roma,57,38070,0,4,38.4,2.23,no,2.23,nessuno
ATM-0135,NCR-6634,Roma,12,7517,1,3,,1.55,no,1.55,MCAR_temperatura
ATM-0136,Wincor-280,Napoli,58,37508,2,5,35.1,2.33,no,2.33,nessuno
ATM-0137,NCR-6634,Bologna,102,64135,2,5,,2.74,si,2.74,MCAR_temperatura
ATM-0138,NCR-6634,Padova,85,55568,0,5,32.7,2.21,no,2.21,nessuno
ATM-0139,Diebold-DN200,Milano,84,58736,3,1,33.3,1.96,no,1.96,nessuno
ATM-0140,NCR-6634,Torino,10,6539,3,3,37.1,1.95,no,1.95,nessuno
ATM-0141,NCR-6634,Milano,20,13511,0,2,36.2,2.45,no,2.45,nessuno
ATM-0142,Diebold-DN200,Napoli,96,63504,2,13,36.5,2.72,no,2.72,nessuno
ATM-0143,Wincor-280,Roma,103,66918,3,6,34.3,2.42,no,2.42,nessuno
ATM-0144,Diebold-DN200,Bologna,34,22206,4,7,36.7,2.59,no,2.59,nessuno
ATM-0145,Wincor-280,Padova,115,80640,2,8,36.8,,si,3.79,MNAR_vibrazione
ATM-0146,Wincor-280,Napoli,15,10806,0,1,28.1,1.41,no,1.41,nessuno
ATM-0147,Wincor-280,Milano,70,46034,2,7,,3.05,si,3.05,MCAR_temperatura
ATM-0148,NCR-6634,Padova,67,45177,7,7,37.8,,no,3.63,MNAR_vibrazione
ATM-0149,Diebold-DN200,Milano,110,72667,4,8,39.6,4.51,si,4.51,nessuno
ATM-0150,SrvFiliale-X3,Bologna,91,63702,4,6,36.3,2.8,no,2.8,nessuno
ATM-0151,NCR-6634,Napoli,34,24702,2,2,36.1,1.06,no,1.06,nessuno
ATM-0152,NCR-6634,Roma,20,12079,1,2,34.1,1.81,no,1.81,nessuno
ATM-0153,Wincor-280,Torino,100,63670,1,8,34.6,3.04,no,3.04,nessuno
ATM-0154,NCR-6634,Padova,47,32070,3,0,38.1,1.64,no,1.64,nessuno
ATM-0155,Diebold-DN200,Padova,89,57200,3,7,40.8,1.67,si,1.67,nessuno
ATM-0156,NCR-6634,Milano,103,72019,2,8,33.5,2.53,no,2.53,nessuno
ATM-0157,SrvFiliale-X3,Milano,33,22270,1,1,28.7,1.34,no,1.34,nessuno
ATM-0158,Wincor-280,Roma,38,24805,4,8,32.5,,no,3.41,MNAR_vibrazione
ATM-0159,NCR-6634,Bologna,88,56330,3,3,37.0,2.26,no,2.26,nessuno
ATM-0160,NCR-6634,Roma,24,16640,0,0,34.0,1.12,no,1.12,nessuno
ATM-0161,NCR-6634,Roma,119,82013,2,8,37.0,2.57,no,2.57,nessuno
ATM-0162,NCR-6634,Napoli,99,68263,0,4,32.6,1.76,no,1.76,nessuno
ATM-0163,Wincor-280,Padova,79,56473,5,5,40.8,2.18,no,2.18,nessuno
ATM-0164,SrvFiliale-X3,Milano,103,71768,0,5,35.4,2.03,no,2.03,nessuno
ATM-0165,SrvFiliale-X3,Napoli,25,17815,4,9,28.7,2.47,no,2.47,nessuno
ATM-0166,NCR-6634,Napoli,114,73640,1,6,36.1,2.31,no,2.31,nessuno
ATM-0167,Wincor-280,Bologna,72,50402,0,6,37.6,,no,4.06,MNAR_vibrazione
ATM-0168,Wincor-280,Roma,101,65305,6,10,40.2,3.85,si,3.85,nessuno
ATM-0169,Diebold-DN200,Torino,29,19204,1,3,34.9,1.89,no,1.89,nessuno
ATM-0170,Diebold-DN200,Padova,11,7390,2,10,39.1,2.71,no,2.71,nessuno
ATM-0171,SrvFiliale-X3,Roma,34,22213,6,2,34.5,2.22,si,2.22,nessuno
ATM-0172,NCR-6634,Milano,69,46038,2,2,37.3,2.64,no,2.64,nessuno
ATM-0173,NCR-6634,Milano,56,36207,5,3,34.6,1.75,no,1.75,nessuno
ATM-0174,Diebold-DN200,Bologna,27,19007,0,2,40.0,2.16,no,2.16,nessuno
ATM-0175,NCR-6634,Napoli,15,10383,3,4,32.5,2.24,si,2.24,nessuno
ATM-0176,Diebold-DN200,Milano,46,31437,2,9,32.9,1.8,no,1.8,nessuno
ATM-0177,SrvFiliale-X3,Bologna,117,76893,1,11,37.6,2.57,no,2.57,nessuno
ATM-0178,SrvFiliale-X3,Roma,96,69040,3,1,37.7,2.54,no,2.54,nessuno
ATM-0179,NCR-6634,Milano,27,18071,0,3,,1.61,no,1.61,MCAR_temperatura
ATM-0180,SrvFiliale-X3,Padova,13,8551,2,4,33.1,1.74,no,1.74,nessuno
ATM-0181,SrvFiliale-X3,Torino,64,43391,2,4,,2.39,no,2.39,MCAR_temperatura
ATM-0182,Wincor-280,Milano,107,76485,2,5,,3.02,si,3.02,MCAR_temperatura
ATM-0183,Wincor-280,Padova,94,61781,1,4,36.1,2.57,si,2.57,nessuno
ATM-0184,Diebold-DN200,Roma,46,29757,2,4,31.6,2.1,no,2.1,nessuno
ATM-0185,NCR-6634,Torino,12,8277,3,3,33.7,1.84,no,1.84,nessuno
ATM-0186,NCR-6634,Milano,54,38364,3,4,32.5,2.31,no,2.31,nessuno
ATM-0187,Diebold-DN200,Napoli,28,18245,3,1,32.7,1.25,no,1.25,nessuno
ATM-0188,SrvFiliale-X3,Bologna,115,74296,2,7,35.5,2.93,no,2.93,nessuno
ATM-0189,Diebold-DN200,Padova,81,51486,5,5,36.3,,si,3.94,MNAR_vibrazione
ATM-0190,Diebold-DN200,Padova,70,44703,3,7,39.0,,no,3.47,MNAR_vibrazione
ATM-0191,NCR-6634,Milano,20,13364,5,5,31.3,2.24,si,2.24,nessuno
ATM-0192,Wincor-280,Milano,38,26312,8,7,35.9,3.03,no,3.03,nessuno
ATM-0193,Diebold-DN200,Milano,64,40259,4,12,40.7,,no,3.76,MNAR_vibrazione
ATM-0194,Wincor-280,Roma,101,73092,5,4,38.2,,no,3.92,MNAR_vibrazione
ATM-0195,Diebold-DN200,Torino,53,37689,4,2,36.5,2.14,no,2.14,nessuno
ATM-0196,Diebold-DN200,Napoli,7,4688,0,5,,1.27,no,1.27,MCAR_temperatura
ATM-0197,NCR-6634,Bologna,78,54711,1,5,37.5,2.08,no,2.08,nessuno
ATM-0198,Diebold-DN200,Milano,52,36162,1,6,35.1,2.5,no,2.5,nessuno
ATM-0199,Diebold-DN200,Torino,49,33944,3,6,32.1,,no,3.07,MNAR_vibrazione
ATM-0200,Wincor-280,Milano,84,54900,4,8,38.3,,no,3.2,MNAR_vibrazione
ATM-0201,SrvFiliale-X3,Torino,33,20539,1,4,36.9,2.28,no,2.28,nessuno
ATM-0202,Diebold-DN200,Roma,100,64278,5,8,36.7,2.48,si,2.48,nessuno
ATM-0203,NCR-6634,Padova,85,60205,5,9,35.4,,si,3.27,MNAR_vibrazione
ATM-0204,Wincor-280,Roma,72,49534,3,4,39.0,1.83,no,1.83,nessuno
ATM-0205,Diebold-DN200,Bologna,77,55107,1,6,33.1,2.64,no,2.64,nessuno
ATM-0206,Wincor-280,Padova,56,36140,3,6,38.1,,no,3.2,MNAR_vibrazione
ATM-0207,NCR-6634,Milano,103,65113,4,4,36.3,,no,4.05,MNAR_vibrazione
ATM-0208,Diebold-DN200,Roma,110,78594,1,6,34.5,2.11,si,2.11,nessuno
ATM-0209,NCR-6634,Padova,89,58535,0,1,34.9,1.12,no,1.12,nessuno
ATM-0210,NCR-6634,Milano,90,58737,1,9,36.6,,no,3.47,MNAR_vibrazione
ATM-0211,SrvFiliale-X3,Milano,114,73959,2,5,36.0,3.52,no,3.52,nessuno
ATM-0212,Wincor-280,Bologna,118,82709,2,6,37.7,4.7,si,4.7,nessuno
ATM-0213,Wincor-280,Milano,71,45327,0,2,38.4,1.91,no,1.91,nessuno
ATM-0214,SrvFiliale-X3,Bologna,115,82908,4,8,34.2,,si,3.34,MNAR_vibrazione
ATM-0215,Wincor-280,Torino,39,26799,3,5,32.1,1.11,no,1.11,nessuno
ATM-0216,Diebold-DN200,Roma,119,80104,2,9,38.1,3.28,no,3.28,nessuno
ATM-0217,Diebold-DN200,Napoli,104,72471,1,12,35.2,3.06,no,3.06,nessuno
ATM-0218,SrvFiliale-X3,Torino,99,70893,1,8,38.2,,no,4.45,MNAR_vibrazione
ATM-0219,SrvFiliale-X3,Roma,108,75364,7,9,36.8,,si,4.04,MNAR_vibrazione
ATM-0220,Wincor-280,Napoli,87,55110,5,4,33.4,2.73,no,2.73,nessuno
ATM-0221,NCR-6634,Roma,47,32650,4,6,34.7,2.06,no,2.06,nessuno
ATM-0222,Wincor-280,Milano,32,22225,3,3,37.1,2.45,no,2.45,nessuno
ATM-0223,Diebold-DN200,Milano,104,69022,3,10,38.6,2.99,si,2.99,nessuno
ATM-0224,NCR-6634,Napoli,60,37706,6,7,37.0,,si,3.65,MNAR_vibrazione
ATM-0225,SrvFiliale-X3,Bologna,58,39912,1,5,34.8,2.63,no,2.63,nessuno
ATM-0226,SrvFiliale-X3,Torino,17,11724,1,4,37.3,1.25,no,1.25,nessuno
ATM-0227,NCR-6634,Padova,71,46833,1,2,38.1,2.37,no,2.37,nessuno
ATM-0228,SrvFiliale-X3,Torino,20,13571,0,3,30.3,2.07,no,2.07,nessuno
ATM-0229,Wincor-280,Bologna,47,32380,1,4,37.5,2.83,no,2.83,nessuno
ATM-0230,Diebold-DN200,Milano,20,13259,2,5,37.5,1.84,no,1.84,nessuno
ATM-0231,SrvFiliale-X3,Roma,92,65554,0,6,34.6,,no,3.11,MNAR_vibrazione
ATM-0232,Wincor-280,Roma,24,15797,4,4,35.6,2.45,no,2.45,nessuno
ATM-0233,NCR-6634,Roma,18,12475,2,3,38.4,2.68,no,2.68,nessuno
ATM-0234,SrvFiliale-X3,Torino,66,48336,5,7,37.7,3.04,si,3.04,nessuno
ATM-0235,NCR-6634,Bologna,12,8564,0,4,32.5,1.38,si,1.38,nessuno
ATM-0236,NCR-6634,Roma,85,56509,5,5,36.4,3.04,no,3.04,nessuno
ATM-0237,Wincor-280,Torino,70,49626,2,3,35.6,2.56,no,2.56,nessuno
ATM-0238,NCR-6634,Torino,51,31827,3,7,30.7,2.15,no,2.15,nessuno
ATM-0239,NCR-6634,Roma,71,51132,0,0,31.5,1.05,no,1.05,nessuno
ATM-0240,Wincor-280,Torino,118,84794,0,10,34.4,2.23,no,2.23,nessuno
ATM-0241,Diebold-DN200,Bologna,99,63391,6,9,38.4,,si,4.85,MNAR_vibrazione
ATM-0242,SrvFiliale-X3,Roma,48,33965,2,4,35.3,2.15,no,2.15,nessuno
ATM-0243,NCR-6634,Napoli,109,74223,3,11,36.6,2.31,no,2.31,nessuno
ATM-0244,Wincor-280,Padova,87,57153,2,10,41.7,,no,4.38,MNAR_vibrazione
ATM-0245,Diebold-DN200,Milano,71,48910,0,4,35.0,1.73,no,1.73,nessuno
ATM-0246,Diebold-DN200,Torino,24,16129,0,7,33.5,1.82,no,1.82,nessuno
ATM-0247,NCR-6634,Bologna,29,18789,3,5,31.9,1.7,no,1.7,nessuno
ATM-0248,Wincor-280,Torino,37,26556,1,4,31.3,1.87,no,1.87,nessuno
ATM-0249,NCR-6634,Roma,111,71628,1,8,37.2,3.06,no,3.06,nessuno
ATM-0250,SrvFiliale-X3,Milano,19,13588,3,5,31.6,2.38,no,2.38,nessuno
ATM-0251,SrvFiliale-X3,Roma,104,67511,3,9,37.1,3.53,si,3.53,nessuno
ATM-0252,NCR-6634,Napoli,115,76924,0,4,35.2,2.47,no,2.47,nessuno
ATM-0253,Wincor-280,Milano,66,46396,1,7,32.2,3.03,no,3.03,nessuno
ATM-0254,NCR-6634,Roma,93,67446,5,9,35.4,3.47,no,3.47,nessuno
ATM-0255,NCR-6634,Torino,111,74341,3,10,36.5,,si,3.66,MNAR_vibrazione
ATM-0256,SrvFiliale-X3,Roma,13,9183,0,4,33.6,1.55,no,1.55,nessuno
ATM-0257,Wincor-280,Milano,43,30263,5,7,40.1,3.95,si,3.95,nessuno
ATM-0258,Diebold-DN200,Roma,120,84954,2,11,38.4,2.09,no,2.09,nessuno
ATM-0259,SrvFiliale-X3,Torino,93,66317,0,4,40.6,,no,3.7,MNAR_vibrazione
ATM-0260,Wincor-280,Bologna,91,60087,3,5,42.1,2.15,no,2.15,nessuno
ATM-0261,Wincor-280,Roma,68,44457,1,7,34.2,1.72,no,1.72,nessuno
ATM-0262,Wincor-280,Torino,18,11407,0,1,32.1,1.73,no,1.73,nessuno
ATM-0263,SrvFiliale-X3,Milano,120,81725,2,5,30.0,3.5,no,3.5,nessuno
ATM-0264,Diebold-DN200,Napoli,82,57794,3,7,37.5,,no,4.03,MNAR_vibrazione
ATM-0265,SrvFiliale-X3,Roma,38,27411,0,3,34.9,1.23,no,1.23,nessuno
ATM-0266,SrvFiliale-X3,Roma,63,44672,4,6,36.8,1.2,no,1.2,nessuno
ATM-0267,Diebold-DN200,Roma,46,32643,2,5,34.4,1.42,no,1.42,nessuno
ATM-0268,Diebold-DN200,Roma,59,40890,6,6,37.3,2.84,si,2.84,nessuno
ATM-0269,NCR-6634,Roma,66,47235,0,2,33.0,2.48,no,2.48,nessuno
ATM-0270,Wincor-280,Roma,39,27391,0,5,36.1,1.15,no,1.15,nessuno
ATM-0271,SrvFiliale-X3,Padova,84,56831,3,6,39.9,2.48,no,2.48,nessuno
ATM-0272,Wincor-280,Torino,93,61662,1,2,34.6,2.58,no,2.58,nessuno
ATM-0273,NCR-6634,Torino,98,69856,4,4,38.3,2.25,si,2.25,nessuno
ATM-0274,SrvFiliale-X3,Roma,65,41703,3,9,35.9,,si,3.2,MNAR_vibrazione
ATM-0275,NCR-6634,Roma,113,74966,3,9,36.9,3.6,si,3.6,nessuno
ATM-0276,SrvFiliale-X3,Torino,107,73330,5,14,41.1,2.96,no,2.96,nessuno
ATM-0277,Diebold-DN200,Torino,112,77665,2,8,37.5,,no,5.28,MNAR_vibrazione
ATM-0278,NCR-6634,Bologna,37,24253,0,4,33.7,1.26,no,1.26,nessuno
ATM-0279,NCR-6634,Roma,45,30026,5,9,36.5,3.41,no,3.41,nessuno
ATM-0280,SrvFiliale-X3,Milano,69,49006,3,6,37.2,2.45,no,2.45,nessuno
ATM-0281,SrvFiliale-X3,Padova,79,52639,3,5,37.8,2.91,no,2.91,nessuno
ATM-0282,SrvFiliale-X3,Milano,66,44056,0,6,35.5,2.41,no,2.41,nessuno
ATM-0283,SrvFiliale-X3,Padova,14,10341,2,1,30.6,2.19,no,2.19,nessuno
ATM-0284,SrvFiliale-X3,Roma,86,54366,1,9,34.1,1.98,no,1.98,nessuno
ATM-0285,Diebold-DN200,Roma,66,43267,3,4,33.5,1.79,no,1.79,nessuno
ATM-0286,Diebold-DN200,Torino,64,42430,1,10,37.6,,no,3.21,MNAR_vibrazione
ATM-0287,Diebold-DN200,Milano,29,18676,1,2,34.8,1.13,si,1.13,nessuno
ATM-0288,NCR-6634,Napoli,84,60340,2,4,32.1,2.41,no,2.41,nessuno
ATM-0289,NCR-6634,Roma,80,53787,3,4,32.7,1.83,no,1.83,nessuno
ATM-0290,NCR-6634,Bologna,52,36699,1,4,35.7,1.42,no,1.42,nessuno
ATM-0291,NCR-6634,Milano,63,40065,1,3,,3.02,no,3.02,MCAR_temperatura
ATM-0292,NCR-6634,Milano,38,26241,2,9,,,si,4.82,MNAR_vibrazione+MCAR_temperatura
ATM-0293,SrvFiliale-X3,Milano,98,62008,2,9,43.0,,no,3.61,MNAR_vibrazione
ATM-0294,SrvFiliale-X3,Padova,9,6214,1,4,34.6,1.63,no,1.63,nessuno
ATM-0295,Wincor-280,Napoli,22,15617,1,2,32.1,1.76,no,1.76,nessuno
ATM-0296,NCR-6634,Napoli,93,64007,4,6,34.5,2.3,no,2.3,nessuno
ATM-0297,SrvFiliale-X3,Roma,32,22373,2,6,38.2,1.57,no,1.57,nessuno
ATM-0298,NCR-6634,Bologna,39,25438,1,4,,1.24,no,1.24,MCAR_temperatura
ATM-0299,NCR-6634,Roma,17,10825,3,8,40.9,,si,3.71,MNAR_vibrazione
ATM-0300,Wincor-280,Torino,23,15813,5,4,32.4,1.98,si,1.98,nessuno
ATM-0301,NCR-6634,Bologna,102,74098,3,2,38.7,2.22,no,2.22,nessuno
ATM-0302,Wincor-280,Padova,93,62025,3,4,31.2,1.51,no,1.51,nessuno
ATM-0303,Wincor-280,Torino,38,27119,4,10,35.9,,no,4.01,MNAR_vibrazione
ATM-0304,SrvFiliale-X3,Padova,37,23356,3,4,36.0,2.6,si,2.6,nessuno
ATM-0305,NCR-6634,Bologna,39,24369,2,3,33.3,1.58,no,1.58,nessuno
ATM-0306,NCR-6634,Napoli,95,60124,2,4,39.5,2.06,no,2.06,nessuno
ATM-0307,SrvFiliale-X3,Milano,85,56541,4,6,33.2,1.93,si,1.93,nessuno
ATM-0308,NCR-6634,Roma,77,50627,1,2,36.6,2.02,no,2.02,nessuno
ATM-0309,Wincor-280,Bologna,107,68718,2,12,35.2,4.47,si,4.47,nessuno
ATM-0310,NCR-6634,Padova,57,37930,5,7,39.1,,si,4.05,MNAR_vibrazione
ATM-0311,Diebold-DN200,Milano,70,46618,2,2,,2.7,no,2.7,MCAR_temperatura
ATM-0312,NCR-6634,Roma,86,59133,5,2,30.1,1.98,no,1.98,nessuno
ATM-0313,Wincor-280,Milano,66,41202,3,5,36.3,,no,3.22,MNAR_vibrazione
ATM-0314,NCR-6634,Roma,52,32851,4,3,36.6,2.43,si,2.43,nessuno
ATM-0315,NCR-6634,Roma,86,59432,4,3,30.1,1.62,no,1.62,nessuno
ATM-0316,Wincor-280,Napoli,29,19778,0,7,34.9,1.45,no,1.45,nessuno
ATM-0317,NCR-6634,Roma,63,43034,1,4,35.7,1.88,no,1.88,nessuno
ATM-0318,NCR-6634,Milano,6,4441,1,1,32.6,1.87,no,1.87,nessuno
ATM-0319,NCR-6634,Roma,78,49131,1,4,36.7,,si,3.24,MNAR_vibrazione
ATM-0320,NCR-6634,Torino,64,45687,2,3,36.5,2.55,no,2.55,nessuno
ATM-0321,NCR-6634,Bologna,36,24858,1,7,37.4,1.26,no,1.26,nessuno
ATM-0322,NCR-6634,Napoli,101,72120,3,5,,,no,3.96,MNAR_vibrazione+MCAR_temperatura
ATM-0323,SrvFiliale-X3,Torino,78,52514,1,7,39.7,2.06,no,2.06,nessuno
ATM-0324,Diebold-DN200,Roma,57,36010,10,4,34.0,,si,3.62,MNAR_vibrazione
ATM-0325,Wincor-280,Roma,59,38966,1,7,35.6,2.21,si,2.21,nessuno
ATM-0326,SrvFiliale-X3,Milano,36,25172,1,5,32.2,2.47,no,2.47,nessuno
ATM-0327,Wincor-280,Napoli,8,5735,1,1,33.2,1.13,no,1.13,nessuno
ATM-0328,Diebold-DN200,Roma,99,63834,2,6,,3.06,no,3.06,MCAR_temperatura
ATM-0329,Wincor-280,Torino,10,7249,3,3,33.6,1.76,no,1.76,nessuno
ATM-0330,Diebold-DN200,Milano,7,4873,0,3,32.5,1.2,no,1.2,nessuno
ATM-0331,Diebold-DN200,Bologna,99,66346,3,6,35.6,2.23,no,2.23,nessuno
ATM-0332,NCR-6634,Padova,72,49392,0,3,37.3,1.97,no,1.97,nessuno
ATM-0333,Diebold-DN200,Roma,9,5602,1,2,30.4,1.32,no,1.32,nessuno
ATM-0334,Diebold-DN200,Milano,6,4784,1,3,36.6,2.06,no,2.06,nessuno
ATM-0335,Diebold-DN200,Torino,68,46666,2,6,,1.88,no,1.88,MCAR_temperatura
ATM-0336,Diebold-DN200,Milano,16,10295,1,1,32.7,1.31,no,1.31,nessuno
ATM-0337,SrvFiliale-X3,Bologna,114,73450,4,6,32.9,3.11,si,3.11,nessuno
ATM-0338,NCR-6634,Milano,12,8443,2,5,33.3,1.2,no,1.2,nessuno
ATM-0339,Diebold-DN200,Milano,83,56580,2,3,33.1,2.0,no,2.0,nessuno
ATM-0340,SrvFiliale-X3,Roma,93,58792,4,10,32.4,2.59,no,2.59,nessuno
ATM-0341,NCR-6634,Napoli,92,64633,1,5,32.6,2.2,no,2.2,nessuno
ATM-0342,Diebold-DN200,Milano,93,67511,0,5,33.8,3.04,no,3.04,nessuno
ATM-0343,Diebold-DN200,Milano,81,55744,2,3,31.8,1.87,no,1.87,nessuno
ATM-0344,Diebold-DN200,Roma,28,20106,0,2,37.0,1.46,no,1.46,nessuno
ATM-0345,Wincor-280,Roma,24,15307,1,9,36.2,2.27,no,2.27,nessuno
ATM-0346,NCR-6634,Padova,96,65341,0,8,36.1,2.1,no,2.1,nessuno
ATM-0347,Diebold-DN200,Roma,80,53042,3,4,35.6,,no,2.31,MNAR_vibrazione
ATM-0348,Diebold-DN200,Padova,97,64657,0,4,33.0,2.34,no,2.34,nessuno
ATM-0349,Wincor-280,Milano,17,12571,4,4,31.6,1.82,no,1.82,nessuno
ATM-0350,NCR-6634,Torino,83,58823,0,2,32.7,2.38,no,2.38,nessuno
ATM-0351,NCR-6634,Padova,72,46081,0,4,35.3,2.21,no,2.21,nessuno
ATM-0352,NCR-6634,Napoli,96,64637,3,5,35.0,2.88,no,2.88,nessuno
ATM-0353,Wincor-280,Padova,12,7903,2,3,35.0,1.71,no,1.71,nessuno
ATM-0354,NCR-6634,Bologna,80,57509,1,2,34.4,1.31,no,1.31,nessuno
ATM-0355,NCR-6634,Roma,79,55462,1,15,32.5,2.38,no,2.38,nessuno
ATM-0356,Diebold-DN200,Roma,15,10045,2,2,28.8,1.64,no,1.64,nessuno
ATM-0357,NCR-6634,Bologna,87,62554,0,6,38.5,2.24,no,2.24,nessuno
ATM-0358,Diebold-DN200,Napoli,110,79416,3,5,38.4,2.84,no,2.84,nessuno
ATM-0359,Wincor-280,Napoli,76,49464,2,3,33.8,2.13,no,2.13,nessuno
ATM-0360,NCR-6634,Roma,46,30507,3,2,33.1,1.8,no,1.8,nessuno
ATM-0361,SrvFiliale-X3,Padova,9,5665,1,6,29.3,2.39,no,2.39,nessuno
ATM-0362,Diebold-DN200,Napoli,61,39091,1,9,32.5,2.41,no,2.41,nessuno
ATM-0363,Wincor-280,Bologna,35,24150,4,4,39.3,,no,3.69,MNAR_vibrazione
ATM-0364,Diebold-DN200,Napoli,11,7170,1,3,33.3,1.05,no,1.05,nessuno
ATM-0365,Wincor-280,Milano,48,33551,4,5,34.9,2.6,no,2.6,nessuno
ATM-0366,SrvFiliale-X3,Roma,27,17912,3,5,31.6,1.47,no,1.47,nessuno
ATM-0367,SrvFiliale-X3,Bologna,46,33039,1,4,36.5,1.68,no,1.68,nessuno
ATM-0368,Wincor-280,Padova,86,58678,0,6,33.9,,no,3.72,MNAR_vibrazione
ATM-0369,Diebold-DN200,Padova,47,30671,4,6,34.6,2.58,si,2.58,nessuno
ATM-0370,Diebold-DN200,Milano,36,25905,0,2,40.9,1.41,no,1.41,nessuno
ATM-0371,NCR-6634,Napoli,78,51456,1,4,41.6,2.73,si,2.73,nessuno
ATM-0372,Wincor-280,Milano,30,19410,2,5,32.0,2.66,si,2.66,nessuno
ATM-0373,Wincor-280,Roma,120,76059,1,10,36.9,,no,3.52,MNAR_vibrazione
ATM-0374,Wincor-280,Milano,46,30588,0,6,33.6,2.09,no,2.09,nessuno
ATM-0375,Diebold-DN200,Bologna,86,56656,1,5,36.1,2.3,no,2.3,nessuno
ATM-0376,NCR-6634,Roma,80,50705,0,4,38.2,2.87,no,2.87,nessuno
ATM-0377,SrvFiliale-X3,Roma,58,38774,1,4,31.6,2.74,no,2.74,nessuno
ATM-0378,Wincor-280,Roma,46,31388,4,6,33.8,2.73,no,2.73,nessuno
ATM-0379,Diebold-DN200,Torino,33,22897,2,5,33.3,1.12,no,1.12,nessuno
ATM-0380,NCR-6634,Torino,97,70814,2,8,37.8,2.4,no,2.4,nessuno
ATM-0381,SrvFiliale-X3,Torino,37,24388,2,2,28.6,0.98,no,0.98,nessuno
ATM-0382,NCR-6634,Padova,87,57004,2,5,,1.53,no,1.53,MCAR_temperatura
ATM-0383,NCR-6634,Torino,55,38464,1,0,35.2,1.28,no,1.28,nessuno
ATM-0384,Diebold-DN200,Torino,67,44266,2,4,30.2,0.9,no,0.9,nessuno
ATM-0385,NCR-6634,Napoli,43,30070,1,1,29.4,2.28,no,2.28,nessuno
ATM-0386,NCR-6634,Bologna,21,14084,0,4,33.1,2.26,no,2.26,nessuno
ATM-0387,Wincor-280,Torino,35,22144,4,3,32.8,2.14,no,2.14,nessuno
ATM-0388,Diebold-DN200,Roma,13,9280,4,5,35.3,2.22,si,2.22,nessuno
ATM-0389,SrvFiliale-X3,Milano,85,60182,3,5,38.3,2.41,no,2.41,nessuno
ATM-0390,SrvFiliale-X3,Milano,14,10289,1,5,34.8,2.47,no,2.47,nessuno
ATM-0391,Diebold-DN200,Torino,95,66834,2,8,34.1,2.88,si,2.88,nessuno
ATM-0392,NCR-6634,Torino,78,50309,3,9,38.4,,si,3.66,MNAR_vibrazione
ATM-0393,NCR-6634,Bologna,52,34777,2,1,31.5,2.32,no,2.32,nessuno
ATM-0394,Wincor-280,Roma,15,10559,4,8,34.5,2.33,no,2.33,nessuno
ATM-0395,NCR-6634,Padova,24,14496,1,7,36.7,2.76,no,2.76,nessuno
ATM-0396,NCR-6634,Milano,93,60541,4,4,34.0,2.21,no,2.21,nessuno
ATM-0397,Wincor-280,Milano,64,45390,1,2,43.1,2.12,no,2.12,nessuno
ATM-0398,Wincor-280,Milano,89,59377,2,7,39.8,,no,3.67,MNAR_vibrazione
ATM-0399,Diebold-DN200,Roma,87,61086,0,8,34.6,2.97,no,2.97,nessuno
ATM-0400,Wincor-280,Padova,74,48262,1,1,35.0,2.4,no,2.4,nessuno
ATM-0401,NCR-6634,Milano,88,58192,1,7,39.5,2.18,si,2.18,nessuno
ATM-0402,Wincor-280,Bologna,66,41477,4,2,36.4,2.07,no,2.07,nessuno
ATM-0403,SrvFiliale-X3,Roma,48,32109,1,4,38.0,2.6,si,2.6,nessuno
ATM-0404,Diebold-DN200,Roma,88,56336,2,3,32.6,2.52,no,2.52,nessuno
ATM-0405,NCR-6634,Padova,7,4672,3,8,35.3,,no,3.41,MNAR_vibrazione
ATM-0406,NCR-6634,Torino,41,27105,2,8,37.9,2.93,no,2.93,nessuno
ATM-0407,SrvFiliale-X3,Padova,47,33688,1,5,34.0,1.41,no,1.41,nessuno
ATM-0408,Diebold-DN200,Bologna,34,21909,2,2,38.3,1.35,no,1.35,nessuno
ATM-0409,Wincor-280,Bologna,19,12426,3,6,37.2,2.97,si,2.97,nessuno
ATM-0410,Wincor-280,Padova,22,14856,1,5,30.2,1.65,no,1.65,nessuno
ATM-0411,Diebold-DN200,Milano,84,55577,0,7,35.2,2.46,no,2.46,nessuno
ATM-0412,Diebold-DN200,Roma,46,29087,4,4,33.3,1.29,no,1.29,nessuno
ATM-0413,Diebold-DN200,Bologna,7,4863,0,5,29.8,1.66,no,1.66,nessuno
ATM-0414,Diebold-DN200,Napoli,43,27586,2,5,34.7,2.83,no,2.83,nessuno
ATM-0415,NCR-6634,Milano,97,65891,4,8,39.6,,si,3.22,MNAR_vibrazione
ATM-0416,Diebold-DN200,Milano,13,8333,4,2,30.0,1.7,no,1.7,nessuno
ATM-0417,Diebold-DN200,Milano,114,82678,5,9,38.2,2.45,si,2.45,nessuno
ATM-0418,Diebold-DN200,Roma,84,54687,2,2,39.4,,no,3.55,MNAR_vibrazione
ATM-0419,Diebold-DN200,Napoli,58,41429,5,3,35.2,1.96,no,1.96,nessuno
ATM-0420,NCR-6634,Roma,11,7625,3,3,31.2,1.31,si,1.31,nessuno
ATM-0421,SrvFiliale-X3,Roma,60,38350,2,5,31.2,1.94,no,1.94,nessuno
ATM-0422,Diebold-DN200,Torino,67,43530,1,5,37.0,1.82,no,1.82,nessuno
ATM-0423,Wincor-280,Bologna,112,70342,3,3,34.6,2.68,no,2.68,nessuno
ATM-0424,SrvFiliale-X3,Torino,7,5295,0,4,30.8,1.63,no,1.63,nessuno
ATM-0425,Wincor-280,Milano,31,19645,0,2,32.8,1.76,no,1.76,nessuno
ATM-0426,NCR-6634,Padova,7,4783,2,5,40.9,2.01,no,2.01,nessuno
ATM-0427,SrvFiliale-X3,Bologna,18,12481,2,2,36.6,2.31,no,2.31,nessuno
ATM-0428,Wincor-280,Milano,80,51261,0,7,33.9,2.45,no,2.45,nessuno
ATM-0429,Wincor-280,Bologna,119,83887,8,10,38.4,3.27,si,3.27,nessuno
ATM-0430,Diebold-DN200,Bologna,85,54802,3,4,37.8,2.35,no,2.35,nessuno
ATM-0431,Diebold-DN200,Torino,118,78982,2,10,38.5,2.84,no,2.84,nessuno
ATM-0432,Wincor-280,Milano,89,63737,0,3,28.2,2.36,no,2.36,nessuno
ATM-0433,NCR-6634,Napoli,113,77609,2,4,34.1,2.14,no,2.14,nessuno
ATM-0434,NCR-6634,Milano,107,71215,3,6,37.3,,si,3.2,MNAR_vibrazione
ATM-0435,NCR-6634,Padova,36,25837,4,5,39.2,2.58,si,2.58,nessuno
ATM-0436,NCR-6634,Napoli,31,22375,1,3,38.0,1.29,no,1.29,nessuno
ATM-0437,NCR-6634,Torino,111,69455,1,6,32.8,1.78,no,1.78,nessuno
ATM-0438,NCR-6634,Torino,29,19014,3,7,40.3,1.73,no,1.73,nessuno
ATM-0439,SrvFiliale-X3,Napoli,42,30236,1,8,33.9,2.73,si,2.73,nessuno
ATM-0440,Wincor-280,Padova,49,35943,3,4,36.6,2.04,no,2.04,nessuno
ATM-0441,SrvFiliale-X3,Torino,97,64385,4,2,34.4,3.01,no,3.01,nessuno
ATM-0442,Diebold-DN200,Napoli,96,68681,2,6,,1.98,no,1.98,MCAR_temperatura
ATM-0443,Wincor-280,Milano,18,12114,0,3,29.4,1.93,no,1.93,nessuno
ATM-0444,NCR-6634,Padova,51,33949,3,2,34.1,2.15,no,2.15,nessuno
ATM-0445,Diebold-DN200,Bologna,68,47359,2,6,39.3,,no,3.31,MNAR_vibrazione
ATM-0446,NCR-6634,Roma,85,61505,3,5,33.1,1.3,no,1.3,nessuno
ATM-0447,Wincor-280,Napoli,70,45978,1,4,34.6,2.75,no,2.75,nessuno
ATM-0448,Diebold-DN200,Roma,113,72934,2,15,36.1,,si,4.4,MNAR_vibrazione
ATM-0449,Wincor-280,Milano,67,44046,1,2,32.6,2.15,no,2.15,nessuno
ATM-0450,Diebold-DN200,Milano,105,66718,3,10,37.5,3.65,no,3.65,nessuno
ATM-0451,Diebold-DN200,Milano,14,9641,3,2,36.5,1.21,no,1.21,nessuno
ATM-0452,Diebold-DN200,Milano,94,63624,2,6,33.6,1.59,no,1.59,nessuno
ATM-0453,SrvFiliale-X3,Roma,98,66364,3,11,39.4,,no,3.38,MNAR_vibrazione
ATM-0454,SrvFiliale-X3,Napoli,84,59097,1,1,37.4,2.25,no,2.25,nessuno
ATM-0455,Wincor-280,Roma,33,21160,3,4,36.5,,no,2.85,MNAR_vibrazione
ATM-0456,NCR-6634,Padova,113,79017,1,4,33.5,2.9,no,2.9,nessuno
ATM-0457,NCR-6634,Napoli,32,22232,0,2,35.1,1.54,no,1.54,nessuno
ATM-0458,Wincor-280,Roma,114,76362,1,7,,2.36,no,2.36,MCAR_temperatura
ATM-0459,SrvFiliale-X3,Roma,108,72266,4,3,34.8,2.83,no,2.83,nessuno
ATM-0460,Diebold-DN200,Padova,96,65134,3,4,35.8,,no,2.01,MNAR_vibrazione
ATM-0461,Diebold-DN200,Torino,17,12326,1,5,36.3,1.93,no,1.93,nessuno
ATM-0462,NCR-6634,Roma,102,66596,3,5,34.3,1.95,no,1.95,nessuno
ATM-0463,SrvFiliale-X3,Roma,17,11168,4,4,39.3,1.32,no,1.32,nessuno
ATM-0464,Diebold-DN200,Napoli,43,27723,1,8,33.9,2.25,no,2.25,nessuno
ATM-0465,SrvFiliale-X3,Padova,42,28821,1,7,,0.93,no,0.93,MCAR_temperatura
ATM-0466,Diebold-DN200,Milano,94,64469,1,5,36.3,2.07,no,2.07,nessuno
ATM-0467,Diebold-DN200,Roma,66,44949,4,8,37.2,2.52,si,2.52,nessuno
ATM-0468,NCR-6634,Bologna,113,77918,0,6,31.9,2.45,no,2.45,nessuno
ATM-0469,Wincor-280,Napoli,73,48555,0,6,31.6,2.6,no,2.6,nessuno
ATM-0470,Wincor-280,Bologna,60,38305,2,3,35.2,1.89,no,1.89,nessuno
ATM-0471,Diebold-DN200,Roma,76,53816,0,4,37.4,1.91,no,1.91,nessuno
ATM-0472,Wincor-280,Bologna,15,10117,0,4,37.3,2.47,no,2.47,nessuno
ATM-0473,NCR-6634,Bologna,52,36322,4,3,,1.44,no,1.44,MCAR_temperatura
ATM-0474,Wincor-280,Padova,16,10284,0,1,34.3,0.83,si,0.83,nessuno
ATM-0475,Diebold-DN200,Torino,61,43634,2,1,34.9,2.59,no,2.59,nessuno
ATM-0476,Wincor-280,Roma,66,42038,1,10,35.9,2.98,no,2.98,nessuno
ATM-0477,Diebold-DN200,Milano,62,40878,3,2,31.2,,no,3.2,MNAR_vibrazione
ATM-0478,Wincor-280,Torino,53,35102,1,3,31.5,1.56,no,1.56,nessuno
ATM-0479,NCR-6634,Torino,54,36302,6,5,39.0,2.6,si,2.6,nessuno
ATM-0480,Wincor-280,Milano,61,43435,3,6,38.0,1.15,no,1.15,nessuno
ATM-0481,NCR-6634,Bologna,43,27822,2,3,37.9,1.78,no,1.78,nessuno
ATM-0482,Diebold-DN200,Bologna,14,9637,0,3,31.1,1.53,no,1.53,nessuno
ATM-0483,Wincor-280,Padova,26,16928,1,2,28.2,1.24,no,1.24,nessuno
ATM-0484,NCR-6634,Torino,79,56549,1,4,38.8,2.95,no,2.95,nessuno
ATM-0485,Diebold-DN200,Bologna,102,64872,2,5,39.7,2.5,no,2.5,nessuno
ATM-0486,NCR-6634,Roma,83,57275,5,6,,,no,4.49,MNAR_vibrazione+MCAR_temperatura
ATM-0487,NCR-6634,Milano,19,12039,2,1,34.8,1.24,no,1.24,nessuno
ATM-0488,Diebold-DN200,Padova,103,64838,6,11,43.7,,si,5.15,MNAR_vibrazione
ATM-0489,Diebold-DN200,Napoli,91,65666,6,14,34.6,,si,3.47,MNAR_vibrazione
ATM-0490,Wincor-280,Padova,29,19437,2,3,34.1,2.65,no,2.65,nessuno
ATM-0491,Diebold-DN200,Milano,74,53019,4,7,37.0,2.78,no,2.78,nessuno
ATM-0492,NCR-6634,Roma,62,42770,1,4,33.5,1.5,no,1.5,nessuno
ATM-0493,Diebold-DN200,Napoli,111,72254,4,5,39.7,,no,3.38,MNAR_vibrazione
ATM-0494,Diebold-DN200,Milano,105,75285,3,3,35.9,1.56,no,1.56,nessuno
ATM-0495,NCR-6634,Bologna,34,22779,0,3,32.1,1.64,no,1.64,nessuno
ATM-0496,SrvFiliale-X3,Padova,27,17525,2,4,35.6,1.87,no,1.87,nessuno
ATM-0497,NCR-6634,Bologna,42,29356,1,2,33.0,1.88,no,1.88,nessuno
ATM-0498,SrvFiliale-X3,Milano,9,5822,0,5,33.9,2.09,no,2.09,nessuno
ATM-0499,SrvFiliale-X3,Padova,94,67160,1,6,37.1,3.99,no,3.99,nessuno
ATM-0500,Diebold-DN200,Roma,33,22842,1,5,32.8,2.74,si,2.74,nessuno
ATM-0501,NCR-6634,Torino,19,13015,2,5,36.5,2.11,no,2.11,nessuno
ATM-0502,SrvFiliale-X3,Roma,91,61766,0,3,40.9,,no,3.75,MNAR_vibrazione
ATM-0503,SrvFiliale-X3,Bologna,66,43292,4,9,35.4,2.11,no,2.11,nessuno
ATM-0504,NCR-6634,Milano,112,70707,4,9,,,si,3.28,MNAR_vibrazione+MCAR_temperatura
ATM-0505,NCR-6634,Torino,85,55984,5,4,39.5,2.45,si,2.45,nessuno
ATM-0506,NCR-6634,Padova,104,68145,2,7,33.5,2.08,no,2.08,nessuno
ATM-0507,Diebold-DN200,Roma,61,42267,0,5,34.3,1.72,no,1.72,nessuno
ATM-0508,NCR-6634,Milano,28,19627,1,3,38.0,2.53,no,2.53,nessuno
ATM-0509,Wincor-280,Padova,119,78584,4,8,35.2,3.3,si,3.3,nessuno
ATM-0510,Wincor-280,Torino,62,42261,1,5,44.1,3.3,no,3.3,nessuno
ATM-0511,Diebold-DN200,Roma,76,48787,8,7,39.2,2.72,si,2.72,nessuno
ATM-0512,SrvFiliale-X3,Napoli,119,84451,4,1,33.9,3.5,no,3.5,nessuno
ATM-0513,Wincor-280,Roma,75,52682,0,4,37.2,2.49,no,2.49,nessuno
ATM-0514,NCR-6634,Milano,110,68575,2,4,36.4,2.05,no,2.05,nessuno
ATM-0515,Diebold-DN200,Napoli,41,28613,2,5,31.0,2.12,no,2.12,nessuno
ATM-0516,Wincor-280,Milano,53,37074,2,9,36.9,1.84,no,1.84,nessuno
ATM-0517,SrvFiliale-X3,Milano,11,7083,1,5,30.7,1.52,no,1.52,nessuno
ATM-0518,SrvFiliale-X3,Napoli,99,69399,2,5,37.7,2.17,no,2.17,nessuno
ATM-0519,NCR-6634,Roma,115,75555,3,8,40.1,,no,4.64,MNAR_vibrazione
ATM-0520,SrvFiliale-X3,Padova,84,59115,2,6,40.0,,no,3.59,MNAR_vibrazione
ATM-0521,Wincor-280,Milano,14,8276,0,2,32.8,,no,1.43,MNAR_vibrazione
ATM-0522,Diebold-DN200,Torino,73,47601,5,1,,2.06,no,2.06,MCAR_temperatura
ATM-0523,NCR-6634,Roma,71,47471,2,3,42.1,3.03,no,3.03,nessuno
ATM-0524,SrvFiliale-X3,Bologna,53,35590,2,2,38.5,,no,3.65,MNAR_vibrazione
ATM-0525,NCR-6634,Milano,6,3993,1,2,28.3,1.83,no,1.83,nessuno
ATM-0526,Wincor-280,Napoli,25,17102,1,3,39.0,1.97,no,1.97,nessuno
ATM-0527,NCR-6634,Milano,42,27049,1,4,33.2,1.1,no,1.1,nessuno
ATM-0528,Wincor-280,Torino,44,30281,3,11,35.4,,no,4.09,MNAR_vibrazione
ATM-0529,Diebold-DN200,Padova,90,57589,4,5,40.2,,si,3.41,MNAR_vibrazione
ATM-0530,Wincor-280,Bologna,26,19286,1,8,37.9,2.96,no,2.96,nessuno
ATM-0531,Wincor-280,Torino,40,27592,6,5,34.3,1.64,no,1.64,nessuno
ATM-0532,Wincor-280,Milano,87,53949,1,5,32.5,1.57,no,1.57,nessuno
ATM-0533,Diebold-DN200,Napoli,87,57209,4,4,36.0,2.62,no,2.62,nessuno
ATM-0534,SrvFiliale-X3,Napoli,91,65105,3,2,35.4,1.87,no,1.87,nessuno
ATM-0535,Wincor-280,Roma,47,33466,2,3,33.8,2.69,no,2.69,nessuno
ATM-0536,SrvFiliale-X3,Milano,74,49867,2,4,33.9,2.14,no,2.14,nessuno
ATM-0537,SrvFiliale-X3,Torino,7,4007,1,0,34.5,1.04,no,1.04,nessuno
ATM-0538,Wincor-280,Roma,82,56566,6,9,36.0,,no,3.48,MNAR_vibrazione
ATM-0539,NCR-6634,Napoli,25,16054,2,1,36.6,1.57,no,1.57,nessuno
ATM-0540,NCR-6634,Torino,33,21139,3,2,31.0,1.89,no,1.89,nessuno
ATM-0541,NCR-6634,Torino,112,79189,1,9,37.4,,si,3.26,MNAR_vibrazione
ATM-0542,SrvFiliale-X3,Milano,62,40835,2,7,37.4,1.74,no,1.74,nessuno
ATM-0543,Diebold-DN200,Milano,60,37455,5,3,36.9,2.44,no,2.44,nessuno
ATM-0544,Wincor-280,Torino,92,62770,1,13,40.0,,no,4.95,MNAR_vibrazione
ATM-0545,NCR-6634,Padova,39,24290,2,3,34.0,2.24,no,2.24,nessuno
ATM-0546,Diebold-DN200,Roma,71,47763,4,2,38.8,2.29,si,2.29,nessuno
ATM-0547,SrvFiliale-X3,Torino,92,59899,3,7,35.0,2.25,no,2.25,nessuno
ATM-0548,Wincor-280,Bologna,36,24748,3,5,33.0,2.43,no,2.43,nessuno
ATM-0549,NCR-6634,Padova,94,62104,2,6,35.8,3.36,si,3.36,nessuno
ATM-0550,Wincor-280,Bologna,12,7590,0,0,34.4,1.65,no,1.65,nessuno
ATM-0551,SrvFiliale-X3,Roma,110,79568,2,5,37.7,2.3,no,2.3,nessuno
ATM-0552,NCR-6634,Roma,29,18760,1,1,38.1,1.76,no,1.76,nessuno
ATM-0553,NCR-6634,Torino,88,56377,3,3,28.9,1.47,no,1.47,nessuno
ATM-0554,Diebold-DN200,Milano,44,28300,2,4,34.9,1.59,si,1.59,nessuno
ATM-0555,NCR-6634,Milano,78,54131,8,6,38.2,3.34,no,3.34,nessuno
ATM-0556,Diebold-DN200,Padova,20,12772,2,0,30.2,1.97,no,1.97,nessuno
ATM-0557,Diebold-DN200,Roma,31,22261,3,8,37.4,2.55,no,2.55,nessuno
ATM-0558,Diebold-DN200,Roma,46,29701,2,1,37.2,1.97,no,1.97,nessuno
ATM-0559,NCR-6634,Roma,65,43308,3,7,33.8,,si,3.39,MNAR_vibrazione
ATM-0560,NCR-6634,Bologna,8,6062,0,3,30.4,1.38,no,1.38,nessuno
ATM-0561,Wincor-280,Napoli,15,10504,2,4,35.6,2.92,no,2.92,nessuno
ATM-0562,Diebold-DN200,Milano,63,44727,2,3,37.2,2.19,no,2.19,nessuno
ATM-0563,Diebold-DN200,Napoli,106,70016,2,4,39.1,,no,2.57,MNAR_vibrazione
ATM-0564,Diebold-DN200,Torino,39,27739,2,5,35.4,2.23,no,2.23,nessuno
ATM-0565,NCR-6634,Milano,77,55197,2,6,31.7,2.24,no,2.24,nessuno
ATM-0566,Wincor-280,Milano,110,74578,2,7,35.0,,no,3.27,MNAR_vibrazione
ATM-0567,SrvFiliale-X3,Milano,82,58224,4,14,35.8,2.17,no,2.17,nessuno
ATM-0568,Wincor-280,Napoli,36,26338,3,9,34.5,,no,3.64,MNAR_vibrazione
ATM-0569,SrvFiliale-X3,Padova,12,8004,1,6,39.1,1.88,no,1.88,nessuno
ATM-0570,Diebold-DN200,Bologna,99,68276,3,4,40.2,2.41,no,2.41,nessuno
ATM-0571,Wincor-280,Roma,66,47177,3,3,36.1,2.81,no,2.81,nessuno
ATM-0572,SrvFiliale-X3,Bologna,89,60390,0,8,34.6,2.13,no,2.13,nessuno
ATM-0573,Diebold-DN200,Torino,51,33439,2,3,34.5,1.96,no,1.96,nessuno
ATM-0574,Wincor-280,Torino,93,64079,2,10,39.6,,no,3.91,MNAR_vibrazione
ATM-0575,Diebold-DN200,Milano,23,16084,2,2,32.2,2.0,no,2.0,nessuno
ATM-0576,NCR-6634,Milano,99,69399,2,3,35.9,,si,3.45,MNAR_vibrazione
ATM-0577,NCR-6634,Napoli,36,24044,1,6,32.9,3.03,no,3.03,nessuno
ATM-0578,SrvFiliale-X3,Torino,92,62276,2,8,33.1,2.39,no,2.39,nessuno
ATM-0579,NCR-6634,Padova,14,9985,0,4,34.8,2.69,no,2.69,nessuno
ATM-0580,NCR-6634,Roma,104,74312,3,9,34.2,2.46,no,2.46,nessuno
ATM-0581,NCR-6634,Torino,14,10551,2,2,37.6,1.92,no,1.92,nessuno
ATM-0582,Wincor-280,Milano,47,31344,1,7,35.6,2.58,si,2.58,nessuno
ATM-0583,Diebold-DN200,Bologna,106,72552,2,2,41.1,,no,3.38,MNAR_vibrazione
ATM-0584,NCR-6634,Torino,69,44096,6,9,34.6,1.3,no,1.3,nessuno
ATM-0585,NCR-6634,Torino,94,67083,5,3,35.4,2.95,no,2.95,nessuno
ATM-0586,NCR-6634,Bologna,105,75202,2,8,38.5,,si,3.56,MNAR_vibrazione
ATM-0587,Wincor-280,Milano,77,53450,1,9,36.6,2.05,no,2.05,nessuno
ATM-0588,SrvFiliale-X3,Milano,79,54598,1,3,36.2,3.48,si,3.48,nessuno
ATM-0589,SrvFiliale-X3,Milano,29,20904,2,5,37.6,2.3,no,2.3,nessuno
ATM-0590,SrvFiliale-X3,Torino,16,11086,2,3,36.5,1.4,no,1.4,nessuno
ATM-0591,Diebold-DN200,Bologna,23,14239,1,6,33.6,1.52,no,1.52,nessuno
ATM-0592,Wincor-280,Milano,13,9236,1,5,37.0,2.11,no,2.11,nessuno
ATM-0593,Diebold-DN200,Roma,77,49152,2,4,,2.04,si,2.04,MCAR_temperatura
ATM-0594,Wincor-280,Napoli,9,5553,0,0,32.0,1.67,no,1.67,nessuno
ATM-0595,SrvFiliale-X3,Milano,23,16258,2,6,36.3,2.08,no,2.08,nessuno
ATM-0596,Diebold-DN200,Padova,117,79814,5,18,35.4,4.42,si,4.42,nessuno
ATM-0597,Diebold-DN200,Milano,96,69371,4,8,42.3,5.25,no,5.25,nessuno
ATM-0598,SrvFiliale-X3,Roma,108,76632,2,5,34.5,2.8,si,2.8,nessuno
ATM-0599,Diebold-DN200,Bologna,22,15684,0,0,32.5,1.14,no,1.14,nessuno
ATM-0600,NCR-6634,Roma,32,21882,2,4,31.0,2.76,no,2.76,nessuno
ATM-0601,Wincor-280,Milano,83,53375,2,8,38.1,,si,3.4,MNAR_vibrazione
ATM-0602,SrvFiliale-X3,Torino,28,19392,7,11,40.1,,si,3.31,MNAR_vibrazione
ATM-0603,NCR-6634,Roma,113,77171,1,7,34.7,,no,4.12,MNAR_vibrazione
ATM-0604,Diebold-DN200,Roma,61,42035,1,10,37.2,2.14,no,2.14,nessuno
ATM-0605,NCR-6634,Padova,9,6203,1,3,35.8,1.6,no,1.6,nessuno
ATM-0606,Diebold-DN200,Torino,49,31224,2,3,29.7,1.64,no,1.64,nessuno
ATM-0607,Diebold-DN200,Padova,45,28706,3,8,35.1,2.68,no,2.68,nessuno
ATM-0608,NCR-6634,Napoli,16,10674,0,4,35.2,2.96,no,2.96,nessuno
ATM-0609,NCR-6634,Padova,7,4559,1,1,36.5,1.07,no,1.07,nessuno
ATM-0610,Wincor-280,Napoli,56,38243,3,4,32.3,1.98,no,1.98,nessuno
ATM-0611,Wincor-280,Torino,21,15074,0,1,29.4,1.83,no,1.83,nessuno
ATM-0612,SrvFiliale-X3,Milano,42,27430,5,8,,1.86,no,1.86,MCAR_temperatura
ATM-0613,Wincor-280,Padova,60,39740,2,3,33.1,1.76,no,1.76,nessuno
ATM-0614,SrvFiliale-X3,Milano,47,33518,2,9,38.4,2.84,si,2.84,nessuno
ATM-0615,NCR-6634,Bologna,39,25360,4,5,35.0,,no,3.11,MNAR_vibrazione
ATM-0616,Diebold-DN200,Torino,91,60446,4,3,33.1,2.94,no,2.94,nessuno
ATM-0617,SrvFiliale-X3,Napoli,8,5320,0,2,34.1,1.46,no,1.46,nessuno
ATM-0618,SrvFiliale-X3,Milano,43,27515,6,2,35.3,2.15,no,2.15,nessuno
ATM-0619,NCR-6634,Roma,83,53431,0,5,34.4,2.18,no,2.18,nessuno
ATM-0620,SrvFiliale-X3,Napoli,80,53519,7,7,37.4,2.68,no,2.68,nessuno
ATM-0621,Wincor-280,Roma,9,6246,2,6,39.3,1.76,no,1.76,nessuno
ATM-0622,NCR-6634,Milano,54,36760,3,5,31.9,1.42,no,1.42,nessuno
ATM-0623,NCR-6634,Bologna,28,17933,0,4,33.0,1.87,no,1.87,nessuno
ATM-0624,NCR-6634,Roma,73,47245,2,2,35.3,1.94,no,1.94,nessuno
ATM-0625,Wincor-280,Milano,108,68944,2,9,42.4,,no,5.22,MNAR_vibrazione
ATM-0626,Diebold-DN200,Milano,93,63990,2,5,40.4,2.41,no,2.41,nessuno
ATM-0627,SrvFiliale-X3,Milano,99,66586,4,8,39.8,4.85,si,4.85,nessuno
ATM-0628,SrvFiliale-X3,Napoli,74,49628,5,2,34.6,2.22,no,2.22,nessuno
ATM-0629,Wincor-280,Napoli,33,23315,3,5,33.6,,si,2.53,MNAR_vibrazione
ATM-0630,SrvFiliale-X3,Milano,81,54494,2,5,37.7,2.81,no,2.81,nessuno
ATM-0631,Wincor-280,Milano,55,37371,4,5,33.8,2.21,no,2.21,nessuno
ATM-0632,NCR-6634,Roma,75,52189,3,10,37.1,2.64,si,2.64,nessuno
ATM-0633,SrvFiliale-X3,Roma,27,19422,3,3,35.6,1.9,no,1.9,nessuno
ATM-0634,Diebold-DN200,Torino,71,45648,0,9,34.6,3.97,si,3.97,nessuno
ATM-0635,Wincor-280,Torino,24,15975,4,5,38.7,2.52,no,2.52,nessuno
ATM-0636,Diebold-DN200,Milano,87,57892,4,6,40.6,,no,4.08,MNAR_vibrazione
ATM-0637,Diebold-DN200,Torino,14,9838,1,1,36.0,3.02,no,3.02,nessuno
ATM-0638,Diebold-DN200,Torino,23,15022,1,8,34.3,1.7,no,1.7,nessuno
ATM-0639,NCR-6634,Milano,45,28868,3,4,39.7,2.88,no,2.88,nessuno
ATM-0640,SrvFiliale-X3,Bologna,21,13440,1,7,38.6,2.23,no,2.23,nessuno
ATM-0641,SrvFiliale-X3,Milano,33,23105,0,5,38.1,1.61,no,1.61,nessuno
ATM-0642,NCR-6634,Bologna,84,52708,3,6,39.0,2.52,no,2.52,nessuno
ATM-0643,Diebold-DN200,Roma,67,42421,3,5,36.5,1.77,no,1.77,nessuno
ATM-0644,Diebold-DN200,Bologna,74,51072,3,6,36.0,1.87,no,1.87,nessuno
ATM-0645,Wincor-280,Milano,35,24227,2,2,35.0,1.65,no,1.65,nessuno
ATM-0646,Diebold-DN200,Torino,59,37265,2,4,38.6,1.11,no,1.11,nessuno
ATM-0647,Wincor-280,Roma,52,36304,10,6,41.2,,si,4.66,MNAR_vibrazione
ATM-0648,NCR-6634,Torino,114,80526,3,15,39.3,,no,3.12,MNAR_vibrazione
ATM-0649,NCR-6634,Torino,28,17670,6,2,34.3,2.64,no,2.64,nessuno
ATM-0650,SrvFiliale-X3,Napoli,47,33304,1,6,38.0,,si,3.43,MNAR_vibrazione
ATM-0651,Wincor-280,Roma,114,72663,5,10,36.4,4.56,si,4.56,nessuno
ATM-0652,NCR-6634,Bologna,92,62002,6,4,34.5,3.16,si,3.16,nessuno
ATM-0653,NCR-6634,Roma,88,58455,8,8,38.7,,si,4.14,MNAR_vibrazione
ATM-0654,Wincor-280,Padova,17,10945,2,2,36.0,,no,2.03,MNAR_vibrazione
ATM-0655,Diebold-DN200,Padova,47,29661,2,6,38.1,1.82,no,1.82,nessuno
ATM-0656,NCR-6634,Napoli,23,15545,5,7,36.0,3.04,no,3.04,nessuno
ATM-0657,NCR-6634,Padova,30,18851,4,6,35.7,2.75,si,2.75,nessuno
ATM-0658,Diebold-DN200,Roma,101,71813,0,3,40.1,,si,3.58,MNAR_vibrazione
ATM-0659,NCR-6634,Roma,28,20137,0,4,36.6,1.33,si,1.33,nessuno
ATM-0660,Diebold-DN200,Roma,38,25369,1,4,35.5,,si,3.77,MNAR_vibrazione
ATM-0661,NCR-6634,Padova,115,80687,3,11,39.4,,si,4.74,MNAR_vibrazione
ATM-0662,Wincor-280,Milano,104,70067,2,2,39.9,2.45,no,2.45,nessuno
ATM-0663,Wincor-280,Torino,26,17059,2,4,38.2,2.53,no,2.53,nessuno
ATM-0664,NCR-6634,Milano,85,57492,4,5,,,no,3.55,MNAR_vibrazione+MCAR_temperatura
ATM-0665,Diebold-DN200,Napoli,53,37727,1,5,34.1,1.83,no,1.83,nessuno
ATM-0666,Diebold-DN200,Torino,36,24446,3,11,35.6,2.08,no,2.08,nessuno
ATM-0667,SrvFiliale-X3,Roma,93,60470,3,6,33.9,2.54,no,2.54,nessuno
ATM-0668,NCR-6634,Torino,7,4501,2,4,34.6,2.22,no,2.22,nessuno
ATM-0669,NCR-6634,Bologna,11,7851,0,2,,1.29,no,1.29,MCAR_temperatura
ATM-0670,Wincor-280,Napoli,55,36719,0,5,36.3,1.5,no,1.5,nessuno
ATM-0671,NCR-6634,Roma,22,13553,4,3,35.1,,no,3.45,MNAR_vibrazione
ATM-0672,Diebold-DN200,Roma,71,44527,3,8,,,si,3.73,MNAR_vibrazione+MCAR_temperatura
ATM-0673,SrvFiliale-X3,Milano,47,31032,1,9,38.3,2.2,no,2.2,nessuno
ATM-0674,Diebold-DN200,Milano,67,42844,1,1,35.5,3.11,no,3.11,nessuno
ATM-0675,NCR-6634,Roma,53,36733,4,13,34.6,,no,3.14,MNAR_vibrazione
ATM-0676,Diebold-DN200,Bologna,47,29722,2,8,35.3,2.53,no,2.53,nessuno
ATM-0677,Diebold-DN200,Napoli,113,81846,0,6,38.0,,no,3.35,MNAR_vibrazione
ATM-0678,Diebold-DN200,Milano,66,42637,2,6,32.7,2.0,no,2.0,nessuno
ATM-0679,Wincor-280,Napoli,87,56571,2,3,34.2,1.49,no,1.49,nessuno
ATM-0680,Diebold-DN200,Napoli,106,68611,3,5,33.2,2.15,no,2.15,nessuno
ATM-0681,SrvFiliale-X3,Roma,21,13895,6,12,30.7,2.89,si,2.89,nessuno
ATM-0682,Wincor-280,Bologna,103,66344,1,6,40.8,3.42,si,3.42,nessuno
ATM-0683,Diebold-DN200,Milano,42,29770,3,0,,1.49,no,1.49,MCAR_temperatura
ATM-0684,Diebold-DN200,Padova,101,72397,1,12,39.5,,no,3.89,MNAR_vibrazione
ATM-0685,SrvFiliale-X3,Milano,13,8405,1,7,32.4,1.71,no,1.71,nessuno
ATM-0686,Diebold-DN200,Roma,107,72520,6,7,37.5,2.92,si,2.92,nessuno
ATM-0687,SrvFiliale-X3,Roma,76,47428,4,5,37.1,2.11,no,2.11,nessuno
ATM-0688,Wincor-280,Milano,73,52040,4,7,,,si,3.83,MNAR_vibrazione+MCAR_temperatura
ATM-0689,Diebold-DN200,Roma,77,54304,2,5,37.9,3.25,no,3.25,nessuno
ATM-0690,NCR-6634,Roma,108,73422,3,6,33.5,1.65,no,1.65,nessuno
ATM-0691,NCR-6634,Napoli,117,76656,2,4,,1.91,no,1.91,MCAR_temperatura
ATM-0692,Wincor-280,Milano,95,63003,2,7,37.1,3.06,no,3.06,nessuno
ATM-0693,Diebold-DN200,Torino,113,76381,4,4,31.8,3.0,no,3.0,nessuno
ATM-0694,SrvFiliale-X3,Roma,44,29274,0,3,27.8,1.46,no,1.46,nessuno
ATM-0695,NCR-6634,Roma,24,16853,0,4,36.3,1.96,no,1.96,nessuno
ATM-0696,NCR-6634,Roma,85,57799,1,3,36.1,2.38,no,2.38,nessuno
ATM-0697,NCR-6634,Torino,10,7108,1,3,35.8,1.63,no,1.63,nessuno
ATM-0698,Diebold-DN200,Bologna,103,67094,3,5,36.4,3.43,si,3.43,nessuno
ATM-0699,Diebold-DN200,Milano,118,80707,4,6,35.2,2.57,no,2.57,nessuno
ATM-0700,NCR-6634,Padova,35,22324,4,2,31.3,1.66,no,1.66,nessuno
ATM-0701,NCR-6634,Padova,77,54727,3,7,41.9,,si,3.39,MNAR_vibrazione
ATM-0702,Diebold-DN200,Torino,51,35218,1,6,33.5,2.19,no,2.19,nessuno
ATM-0703,SrvFiliale-X3,Torino,63,45348,6,5,36.3,,si,3.71,MNAR_vibrazione
ATM-0704,Wincor-280,Roma,95,64251,3,4,32.1,2.75,no,2.75,nessuno
ATM-0705,NCR-6634,Roma,98,62380,6,11,39.7,,si,3.42,MNAR_vibrazione
ATM-0706,Diebold-DN200,Napoli,115,75468,0,0,35.4,2.06,no,2.06,nessuno
ATM-0707,NCR-6634,Bologna,98,69422,1,6,39.4,,no,3.82,MNAR_vibrazione
ATM-0708,Diebold-DN200,Torino,70,50478,3,6,36.1,2.97,no,2.97,nessuno
ATM-0709,Wincor-280,Napoli,76,52725,0,5,36.0,,no,3.22,MNAR_vibrazione
ATM-0710,Diebold-DN200,Torino,96,62731,2,5,38.0,2.36,no,2.36,nessuno
ATM-0711,SrvFiliale-X3,Torino,71,50246,0,9,40.6,3.01,no,3.01,nessuno
ATM-0712,SrvFiliale-X3,Milano,6,4410,0,1,33.5,1.63,no,1.63,nessuno
ATM-0713,NCR-6634,Roma,61,43212,1,3,31.9,1.54,no,1.54,nessuno
ATM-0714,SrvFiliale-X3,Torino,9,6672,0,1,34.9,1.79,no,1.79,nessuno
ATM-0715,Diebold-DN200,Torino,91,57486,3,2,40.3,,no,3.6,MNAR_vibrazione
ATM-0716,SrvFiliale-X3,Padova,97,62278,3,10,37.6,2.72,no,2.72,nessuno
ATM-0717,NCR-6634,Napoli,73,48164,4,11,36.7,2.92,no,2.92,nessuno
ATM-0718,SrvFiliale-X3,Milano,44,30246,3,4,35.7,2.23,no,2.23,nessuno
ATM-0719,Wincor-280,Roma,78,54536,2,11,34.6,1.77,no,1.77,nessuno
ATM-0720,Wincor-280,Roma,33,21479,3,2,36.3,1.51,no,1.51,nessuno
ATM-0721,SrvFiliale-X3,Padova,53,37520,5,8,38.5,2.78,no,2.78,nessuno
ATM-0722,Diebold-DN200,Milano,106,69276,2,6,39.1,,no,3.48,MNAR_vibrazione
ATM-0723,NCR-6634,Milano,16,10583,1,3,34.5,2.2,no,2.2,nessuno
ATM-0724,Wincor-280,Padova,41,28317,2,2,33.8,1.96,no,1.96,nessuno
ATM-0725,NCR-6634,Milano,84,54132,1,6,37.7,1.93,no,1.93,nessuno
ATM-0726,SrvFiliale-X3,Roma,43,27900,0,2,34.3,1.26,no,1.26,nessuno
ATM-0727,Diebold-DN200,Torino,15,9183,1,4,33.4,1.39,no,1.39,nessuno
ATM-0728,NCR-6634,Napoli,15,10443,0,3,38.5,1.52,no,1.52,nessuno
ATM-0729,Wincor-280,Milano,16,10568,0,2,39.3,0.91,no,0.91,nessuno
ATM-0730,NCR-6634,Milano,60,41761,0,5,37.5,2.72,no,2.72,nessuno
ATM-0731,SrvFiliale-X3,Milano,80,53363,3,7,36.6,3.07,no,3.07,nessuno
ATM-0732,SrvFiliale-X3,Bologna,14,8932,3,3,31.5,1.94,no,1.94,nessuno
ATM-0733,Diebold-DN200,Milano,109,76103,2,9,36.3,2.66,no,2.66,nessuno
ATM-0734,Wincor-280,Roma,78,50716,0,1,33.8,1.3,no,1.3,nessuno
ATM-0735,NCR-6634,Padova,105,70171,3,13,36.1,2.96,no,2.96,nessuno
ATM-0736,Wincor-280,Roma,24,15778,0,2,33.6,2.36,no,2.36,nessuno
ATM-0737,NCR-6634,Torino,31,20151,3,3,37.3,,si,3.14,MNAR_vibrazione
ATM-0738,Wincor-280,Milano,111,77526,1,2,32.5,1.83,no,1.83,nessuno
ATM-0739,Wincor-280,Bologna,79,50009,3,10,38.5,2.79,no,2.79,nessuno
ATM-0740,Diebold-DN200,Napoli,71,48279,4,9,38.0,2.89,no,2.89,nessuno
ATM-0741,Diebold-DN200,Roma,65,40613,2,4,31.0,,no,1.93,MNAR_vibrazione
ATM-0742,SrvFiliale-X3,Torino,77,52201,2,3,37.9,1.77,no,1.77,nessuno
ATM-0743,Diebold-DN200,Napoli,103,64924,4,7,37.1,2.88,si,2.88,nessuno
ATM-0744,SrvFiliale-X3,Napoli,72,49129,4,8,43.6,2.96,no,2.96,nessuno
ATM-0745,Diebold-DN200,Napoli,80,51635,1,6,35.6,1.85,no,1.85,nessuno
ATM-0746,Diebold-DN200,Milano,33,21432,2,6,34.3,2.47,no,2.47,nessuno
ATM-0747,Wincor-280,Napoli,107,70327,3,6,34.9,1.44,no,1.44,nessuno
ATM-0748,Wincor-280,Bologna,15,9447,2,8,34.1,1.83,no,1.83,nessuno
ATM-0749,NCR-6634,Napoli,62,42786,1,9,35.9,2.33,si,2.33,nessuno
ATM-0750,NCR-6634,Milano,54,35479,1,10,34.1,3.01,no,3.01,nessuno
ATM-0751,SrvFiliale-X3,Napoli,14,9355,1,2,32.0,1.43,no,1.43,nessuno
ATM-0752,NCR-6634,Roma,27,19377,1,5,32.2,2.08,no,2.08,nessuno
ATM-0753,Wincor-280,Roma,98,66102,3,7,37.6,2.83,no,2.83,nessuno
ATM-0754,Wincor-280,Napoli,16,9709,1,6,39.1,2.09,no,2.09,nessuno
ATM-0755,NCR-6634,Milano,38,26162,0,5,35.2,2.69,no,2.69,nessuno
ATM-0756,Wincor-280,Padova,71,49163,5,10,,,no,3.71,MNAR_vibrazione+MCAR_temperatura
ATM-0757,NCR-6634,Milano,61,41762,1,4,34.4,1.43,no,1.43,nessuno
ATM-0758,SrvFiliale-X3,Milano,34,21233,1,3,33.4,1.78,si,1.78,nessuno
ATM-0759,SrvFiliale-X3,Napoli,120,76472,3,10,39.5,,no,4.52,MNAR_vibrazione
ATM-0760,SrvFiliale-X3,Bologna,115,80388,2,6,33.3,2.9,no,2.9,nessuno
ATM-0761,SrvFiliale-X3,Padova,41,28686,0,7,33.1,1.74,no,1.74,nessuno
ATM-0762,NCR-6634,Bologna,31,21645,3,6,33.1,,no,3.84,MNAR_vibrazione
ATM-0763,Diebold-DN200,Roma,116,81704,3,2,34.1,3.12,no,3.12,nessuno
ATM-0764,SrvFiliale-X3,Milano,52,35589,0,1,34.6,1.78,no,1.78,nessuno
ATM-0765,SrvFiliale-X3,Torino,49,33182,1,2,35.4,1.82,no,1.82,nessuno
ATM-0766,Diebold-DN200,Roma,51,34107,5,11,36.3,,si,4.37,MNAR_vibrazione
ATM-0767,Diebold-DN200,Roma,43,27509,5,7,34.4,2.28,no,2.28,nessuno
ATM-0768,Wincor-280,Padova,11,6425,0,1,29.5,1.69,no,1.69,nessuno
ATM-0769,NCR-6634,Padova,88,61877,0,5,34.0,2.58,no,2.58,nessuno
ATM-0770,Diebold-DN200,Torino,66,42505,2,7,34.1,2.85,no,2.85,nessuno
ATM-0771,Wincor-280,Milano,37,25947,1,5,32.3,1.37,no,1.37,nessuno
ATM-0772,Diebold-DN200,Torino,42,29403,4,1,36.3,2.49,no,2.49,nessuno
ATM-0773,NCR-6634,Milano,48,33559,3,5,34.6,1.94,no,1.94,nessuno
ATM-0774,NCR-6634,Milano,57,37739,3,8,36.0,,no,2.75,MNAR_vibrazione
ATM-0775,NCR-6634,Milano,63,40123,2,3,34.3,2.84,si,2.84,nessuno
ATM-0776,Diebold-DN200,Torino,66,42449,5,3,34.0,1.66,no,1.66,nessuno
ATM-0777,SrvFiliale-X3,Bologna,52,34242,0,8,35.9,1.71,no,1.71,nessuno
ATM-0778,Diebold-DN200,Roma,70,45988,2,3,30.5,2.07,no,2.07,nessuno
ATM-0779,Diebold-DN200,Milano,67,47450,2,6,34.2,2.49,no,2.49,nessuno
ATM-0780,Diebold-DN200,Milano,76,51662,2,5,40.7,3.0,no,3.0,nessuno
ATM-0781,Diebold-DN200,Milano,21,15144,2,3,38.8,1.67,no,1.67,nessuno
ATM-0782,NCR-6634,Milano,100,69363,4,7,39.1,2.8,si,2.8,nessuno
ATM-0783,Diebold-DN200,Torino,55,37551,5,4,35.9,1.39,no,1.39,nessuno
ATM-0784,SrvFiliale-X3,Milano,71,48344,4,12,36.4,,si,3.52,MNAR_vibrazione
ATM-0785,Diebold-DN200,Milano,39,27446,0,5,34.2,2.8,no,2.8,nessuno
ATM-0786,NCR-6634,Bologna,82,53103,2,3,30.0,1.65,no,1.65,nessuno
ATM-0787,NCR-6634,Roma,68,45121,2,1,36.3,1.93,no,1.93,nessuno
ATM-0788,Wincor-280,Torino,40,25692,3,8,35.8,1.73,no,1.73,nessuno
ATM-0789,SrvFiliale-X3,Napoli,84,59277,3,7,36.8,2.7,si,2.7,nessuno
ATM-0790,NCR-6634,Roma,23,15044,2,2,33.7,,no,1.25,MNAR_vibrazione
ATM-0791,Diebold-DN200,Milano,85,58892,5,7,36.0,2.34,no,2.34,nessuno
ATM-0792,NCR-6634,Padova,36,23563,0,3,39.5,1.84,no,1.84,nessuno
ATM-0793,Wincor-280,Roma,24,16113,1,9,39.0,1.43,no,1.43,nessuno
ATM-0794,Wincor-280,Padova,34,21351,4,3,35.6,1.77,no,1.77,nessuno
ATM-0795,Diebold-DN200,Milano,43,29597,1,4,38.3,2.4,no,2.4,nessuno
ATM-0796,NCR-6634,Padova,22,15838,2,4,32.8,1.77,no,1.77,nessuno
ATM-0797,Diebold-DN200,Roma,49,31917,1,7,34.4,1.44,no,1.44,nessuno
ATM-0798,NCR-6634,Roma,48,31538,0,4,32.0,,no,1.42,MNAR_vibrazione
ATM-0799,SrvFiliale-X3,Padova,50,31346,3,7,37.7,2.06,no,2.06,nessuno
ATM-0800,NCR-6634,Napoli,120,82186,3,14,40.9,,no,3.17,MNAR_vibrazione
